term,estimate,std.error,statistic,p.value,model,ATE
Z,-1.8149263053544313,21.04868451334269,-0.08622516548261987,0.9313220819595147,OLS,5
Z,-0.16606687374065046,4.090119778531751,-0.04060195855688712,0.9676295276534268,OLS + controls,5
Z,-0.19176614650567822,4.051358911461243,-0.04733378372456072,0.9622662549306987,OLS + interaction,5
Z,5.166607519673559,0.5277386145792938,9.7900880794791,8.130344896556955e-21,RFA,5
Z,5.442328608830513,1.2293397910309967,4.427033639142402,1.1749294222625912e-5,SVM,5
Z,10.503423112907111,24.463130094419984,0.4293572847124306,0.6678489253666922,OLS,5
Z,-5.730600566862128,2.8879093091525974,-1.9843422882776276,0.047767229831866834,OLS + controls,5
Z,-5.768529362586571,2.92504979259653,-1.972113219127774,0.04915180916112174,OLS + interaction,5
Z,5.6675855433015485,0.3631897084113563,15.605027929046718,5.5348936621050054e-45,RFA,5
Z,3.714016263511742,1.1144796255913227,3.3325115849840254,9.246834071460126e-4,SVM,5
Z,23.664612392329513,21.95698691096942,1.077771394057123,0.2816575675914306,OLS,5
Z,3.3606967371544663,2.6921458134341245,1.2483338459544777,0.21249657011064832,OLS + controls,5
Z,3.4334391924891823,2.6976164933827564,1.2727677195447893,0.20369674588958867,OLS + interaction,5
Z,4.716850586419865,0.28283096723452394,16.677277713047044,6.174611372787435e-50,RFA,5
Z,5.189692247422454,1.1504940600138873,4.510837932844096,8.062411317130512e-6,SVM,5
Z,35.97943976348447,24.992798879889932,1.4395922576096416,0.1506110696584092,OLS,5
Z,-0.33732643478415925,4.02522434054283,-0.08380313896707392,0.9332466956239174,OLS + controls,5
Z,0.030554460436054535,4.3397982612527795,0.007040525526003209,0.9943853505611118,OLS + interaction,5
Z,4.965807455484532,1.3644286802813015,3.639477480391823,3.0173173046256355e-4,RFA,5
Z,3.7061515886058722,1.5307831858699468,2.4210819813125,0.015830832153188673,SVM,5
Z,30.0354565470094,20.068509015911136,1.4966461396407704,0.13511883913086567,OLS,5
Z,-1.2843168065009491,2.4553829373989005,-0.5230617134863227,0.6011644168089136,OLS + controls,5
Z,-0.9152086824449236,2.4828982257350596,-0.3686049927294047,0.7125794494309848,OLS + interaction,5
Z,5.009008886011158,0.5911566611607678,8.473234279684341,2.710951722874961e-16,RFA,5
Z,4.454233219332234,1.0255282466521205,4.343354982052676,1.7011158975764265e-5,SVM,5
Z,36.25785659745379,21.541521185235776,1.6831613833429906,0.09297058967804213,OLS,5
Z,1.4796551891829912,3.1161699050780216,0.4748313584480061,0.635115759740297,OLS + controls,5
Z,1.5148543593176398,3.163740692423501,0.47881748429806525,0.6322794840114031,OLS + interaction,5
Z,4.089356885335804,0.98448063389365,4.153821562911072,3.847679455407449e-5,RFA,5
Z,4.15365348219128,1.579863573723521,2.6291216224459752,0.008825181665640823,SVM,5
Z,-11.134460910207839,21.803165157420285,-0.5106809414970854,0.6098007844165032,OLS,5
Z,-0.08697242792318889,3.409130679157725,-0.02551161457520798,0.9796571242549423,OLS + controls,5
Z,0.03738678412300994,3.1572700759284245,0.011841490662472393,0.9905568395225064,OLS + interaction,5
Z,4.596048002748852,0.3705338764573006,12.403853722342413,5.6268917378226185e-31,RFA,5
Z,3.51779303183319,1.309198806118913,2.6869815458063235,0.007451188781886465,SVM,5
Z,16.66130708560975,22.729240550231967,0.7330340425931965,0.46388256518635074,OLS,5
Z,-2.5653455033106476,3.9520121456244786,-0.6491238915221713,0.5165581484136351,OLS + controls,5
Z,-1.6570202975701305,3.737427915841229,-0.4433584633289615,0.6576997949550718,OLS + interaction,5
Z,3.632710186334397,0.80088089684356,4.53589316545278,7.195617583684821e-6,RFA,5
Z,4.4481072901575125,1.1090767546117466,4.010639725033871,6.984383412945526e-5,SVM,5
Z,7.0395077685172796,22.84190847286876,0.3081838707513731,0.7580712866229271,OLS,5
Z,-4.222302640079224,2.8100206991831462,-1.502587735850707,0.1335804884020989,OLS + controls,5
Z,-4.186354180316348,2.7885625365907614,-1.5012588476622433,0.13392493082207638,OLS + interaction,5
Z,4.53474677606234,0.916374937099461,4.948571367977243,1.0245614929306164e-6,RFA,5
Z,3.0146871166730977,1.439457907612423,2.0943211334838203,0.03673622387465117,SVM,5
Z,35.331022552049184,21.468716832229287,1.645697916095736,0.10045691359032369,OLS,5
Z,0.294593549844258,2.735672344093888,0.10768597726268771,0.9142882505299167,OLS + controls,5
Z,0.18686222637558997,2.7667104943624157,0.06753949383441078,0.9461794387459945,OLS + interaction,5
Z,4.0486712586550615,0.7163537547614319,5.651776418765886,2.676363683985486e-8,RFA,5
Z,4.784966966483643,1.1508346386525259,4.1578232056746245,3.783142567981935e-5,SVM,5
Z,-21.279627449686203,22.07271010606172,-0.9640695386944027,0.33547896259659427,OLS,5
Z,-0.8240088985380378,3.858896227156249,-0.21353486853034082,0.8309973624471236,OLS + controls,5
Z,-0.8395029126601452,3.871505776757637,-0.21684144647285633,0.8284210710928382,OLS + interaction,5
Z,5.6324792313519945,0.7618210094141892,7.393441716293901,6.100719882318781e-13,RFA,5
Z,4.440197283602758,1.5395199557811223,2.88414402614865,0.004094752514929605,SVM,5
Z,-17.64550756788472,21.43974469032883,-0.8230278775588388,0.4108860690003635,OLS,5
Z,1.4813988651629004,2.797081057253178,0.529623144571177,0.596609738745919,OLS + controls,5
Z,1.3045743205764868,2.8721509273910364,0.454215099956992,0.6498727118136016,OLS + interaction,5
Z,5.646048247932508,0.4792416836095165,11.781212780591257,1.9711272486242997e-28,RFA,5
Z,3.6791149422532667,1.0189152676455453,3.61081540249639,3.3615628638544563e-4,SVM,5
Z,56.261350750387045,23.141614164416264,2.4311765960084752,0.01540167873035059,OLS,5
Z,-0.48301165587810313,3.1953150792220653,-0.15116244999403866,0.8799089051623452,OLS + controls,5
Z,-0.4127321002510387,3.327427519867723,-0.12403939613610164,0.9013343324405461,OLS + interaction,5
Z,5.478310143998044,0.5084354338929815,10.77483939711242,1.7792466867055434e-24,RFA,5
Z,5.769276642720346,1.4784421278972868,3.9022674840344918,0.00010839772021289772,SVM,5
Z,36.26076739599603,25.876941241390806,1.4012771856511401,0.16175406844483264,OLS,5
Z,-7.664001302729017,4.777563132645685,-1.60416536421255,0.1093128490375465,OLS + controls,5
Z,-7.152934304564024,4.881543154703729,-1.4653018682568937,0.14347216812813937,OLS + interaction,5
Z,4.0320708051677085,0.5498964210386832,7.33241870814807,9.214685578402914e-13,RFA,5
Z,5.093001875641451,1.5816319449436043,3.2200929501477984,0.0013651834441578518,SVM,5
Z,28.0268374720543,22.83847481357313,1.2271764073929174,0.2203361002110555,OLS,5
Z,2.858582363767483,3.3261931639004745,0.8594156210745603,0.39052558455657926,OLS + controls,5
Z,2.9988803210283064,3.2356953534730026,0.9268117030268276,0.35447505385753475,OLS + interaction,5
Z,5.41480306863493,0.7427741677756079,7.289972246679884,1.2256979995284164e-012,RFA,5
Z,6.63118044615313,1.263705176024175,5.247411003740538,2.286635459717715e-7,SVM,5
Z,1.0842085611130547,22.82081177045463,0.04750964041151002,0.9621260934383835,OLS,5
Z,-1.8164085769924525,3.251310445957376,-0.558669683250624,0.576638785874088,OLS + controls,5
Z,-2.028730718210441,3.3771292527088668,-0.6007264058913804,0.5482966260382054,OLS + interaction,5
Z,4.9446609620419375,0.46151708855123363,10.71392822650168,3.0404067495477292e-24,RFA,5
Z,4.081566084302473,1.3537455669624763,3.01501713757088,0.0027007830006298525,SVM,5
Z,16.059942326807622,22.90503878184852,0.7011532475349743,0.48353487601915635,OLS,5
Z,-2.6495116926432023,2.901054907348174,-0.9132925012664083,0.3615315474897033,OLS + controls,5
Z,-2.5793217989879387,3.036890848712524,-0.8493297676738795,0.39610756436912087,OLS + interaction,5
Z,4.306038048455103,0.9536883094921199,4.515141902859493,7.906712893618905e-6,RFA,5
Z,3.607666939646892,1.2865234704812558,2.804198308405019,0.0052412141965963634,SVM,5
Z,0.9989698008695445,22.468681397839372,0.04446054413169111,0.964555123587568,OLS,5
Z,2.159600208149776,3.5156936447147835,0.6142742873504773,0.5393151750654375,OLS + controls,5
Z,2.2045837525212355,3.4815021608184757,0.6332277421315614,0.5268767843545445,OLS + interaction,5
Z,4.7674503306422675,0.4904422288397292,9.72071744702925,1.4434099823700404e-20,RFA,5
Z,4.464054780243934,1.1227512582174055,3.975996239212881,8.046894247930265e-5,SVM,5
Z,17.91407936222049,23.572225394598135,0.7599655553236702,0.4476347894130679,OLS,5
Z,-0.18065457481486796,3.267527349494134,-0.055287853931149565,0.9559313565481045,OLS + controls,5
Z,-1.2355789922699056,3.2348286117445935,-0.3819611919419554,0.7026537409755546,OLS + interaction,5
Z,5.746656756202048,0.6499787300736634,8.841299707685463,1.6396862636089516e-17,RFA,5
Z,6.571525564005737,1.3538557341081945,4.853933398106483,1.622290507477088e-6,SVM,5
Z,2.140295888794817,20.57388719936447,0.10402972797775088,0.9171876386016539,OLS,5
Z,3.265859287161855,2.478230287269799,1.3178191324421937,0.18817130513178282,OLS + controls,5
Z,3.005524315468725,2.492116639745181,1.2060126992194233,0.2283875547823698,OLS + interaction,5
Z,5.0872654011015275,0.35727759193997194,14.238971365313796,7.681678333777926e-39,RFA,5
Z,4.355736495003712,1.041614350725663,4.181717054847789,3.4187298006482816e-5,SVM,5
Z,28.851079942881665,22.460587237306825,1.2845202860484561,0.1995571624005611,OLS,5
Z,0.6149402852888834,3.024149016881008,0.2033432485820786,0.8389499798974809,OLS + controls,5
Z,0.5857621983515042,3.0296517366802833,0.1933430800839665,0.8467694369420282,OLS + interaction,5
Z,6.276143159910221,0.8949187635203997,7.013087014983742,7.636376118714505e-12,RFA,5
Z,5.841819310669325,1.372116692663258,4.257523679950603,2.471179182062147e-5,SVM,5
Z,6.9414896389581,22.86340285301788,0.303607021386226,0.7615541025511635,OLS,5
Z,2.006639047060405,3.545848370874245,0.5659122548902618,0.5717088440090545,OLS + controls,5
Z,1.9255030006993674,3.46344184625063,0.55595072363748,0.5784952342503535,OLS + interaction,5
Z,5.062777214465734,0.46230054140912186,10.95126819240588,3.730396735376575e-25,RFA,5
Z,2.217556557558755,1.156598568621424,1.917308751472787,0.05577049946940991,SVM,5
Z,11.74360047038611,22.7236017784685,0.516801895442193,0.6055238847783182,OLS,5
Z,-0.5508815093178057,3.1143869368384713,-0.17688280887699387,0.8596725003747718,OLS + controls,5
Z,-1.2157182750043727,3.0822877074510013,-0.3944207648317654,0.6934399461984133,OLS + interaction,5
Z,4.162293715953602,1.0778417613088438,3.8616927506123435,1.274557323724224e-4,RFA,5
Z,3.1410715521693997,2.2237507926528735,1.412510593609362,0.15842428587322085,SVM,5
Z,7.561011923910947,19.70526956741661,0.38370507432252327,0.7013608101663948,OLS,5
Z,5.751223281770098,2.402265282716469,2.394083335903121,0.017031624002986568,OLS + controls,5
Z,5.741417929458737,2.3755031317445083,2.4169271144013975,0.016011961387136082,OLS + interaction,5
Z,4.980317289037129,0.46355140653318566,10.74382952752531,2.3377684925221237e-24,RFA,5
Z,5.375648476017602,1.0144000345142903,5.29933782838596,1.7489448634300884e-7,SVM,5
Z,28.924344850721482,21.087825768247583,1.371613421345387,0.1708014501678422,OLS,5
Z,3.491522513306056,3.524990054138286,0.9905056353867042,0.32240901347615714,OLS + controls,5
Z,3.7564126467523438,3.734207770311394,1.0059463419838308,0.31493187029332687,OLS + interaction,5
Z,2.7706582131835664,1.9186411929941571,1.444073140564539,0.14934721343744434,RFA,5
Z,2.745898020752402,1.9503691204478844,1.4078863287795655,0.15978864178831367,SVM,5
Z,7.183026864402179,21.110366347340562,0.34026064475698126,0.733803727841969,OLS,5
Z,3.618256462569977,2.770211536405443,1.3061300247362828,0.19211251118999498,OLS + controls,5
Z,4.119264208674356,2.795646156284224,1.473456932099516,0.14126219573404064,OLS + interaction,5
Z,4.884814236133268,0.3808942505788233,12.824594303300966,9.834181509768773e-33,RFA,5
Z,5.082028327680401,1.0494761237861203,4.842443017518425,1.7145161435690247e-6,SVM,5
Z,-17.327838079652604,24.60956048787436,-0.704110018063524,0.4816933670433854,OLS,5
Z,5.743534880076555,3.5317182704251717,1.6262720976849352,0.10452563389951998,OLS + controls,5
Z,5.761812797807222,3.612849348408651,1.5948112534349441,0.11139141099624611,OLS + interaction,5
Z,4.360488987132534,1.282852806678259,3.3990563566082996,7.304352542197451e-4,RFA,5
Z,5.25976940608678,1.3793495449528799,3.8132244472277397,1.5437376927985373e-4,SVM,5
Z,-2.814342493748493,22.52939051892592,-0.12491871412962954,0.9006383112080099,OLS,5
Z,-0.17545195957272872,3.342797930438125,-0.052486558632556364,0.9581620943578981,OLS + controls,5
Z,0.05667333878458917,3.403407947839475,0.016651938190532258,0.986720985577599,OLS + interaction,5
Z,6.171914492962727,0.8066401539158693,7.651385147393051,1.0370666836796671e-13,RFA,5
Z,6.880067450685213,1.4481523640329912,4.7509278868452505,2.65268529733918e-6,SVM,5
Z,38.21912430011912,21.766359238673665,1.7558804337021503,0.07972353959185878,OLS,5
Z,0.7110986897309757,2.456526817737881,0.28947320444309194,0.7723399988035033,OLS + controls,5
Z,0.3805570365636514,2.4682523092824566,0.15418076795977265,0.8775299188968447,OLS + interaction,5
Z,4.924899625222957,0.3151942330785488,15.624967427610372,4.4871066062759424e-45,RFA,5
Z,4.617927933468126,1.0066448708954223,4.58744495400888,5.684721556553576e-6,SVM,5
Z,19.88773991374958,24.56496677004224,0.8095976721614504,0.41855809943735,OLS,5
Z,-0.5416194340884602,3.431363643018759,-0.15784378761207832,0.8746440023541117,OLS + controls,5
Z,-0.5594538377530656,3.4476914122934192,-0.16226911601143398,0.8711600175632216,OLS + interaction,5
Z,5.180339606616111,0.40745778367671365,12.71380696147484,2.8732368910660984e-32,RFA,5
Z,6.630008761878641,1.1743707264242171,5.645584152174862,2.7684885835984374e-8,SVM,5
Z,-15.01068014573186,23.6296604759767,-0.6352473900753927,0.5255588468693713,OLS,5
Z,-2.82884980535484,3.396975473105715,-0.8327554401705878,0.40538265548654495,OLS + controls,5
Z,-2.821856952466281,3.377512932215517,-0.8354836855103476,0.40384769697210277,OLS + interaction,5
Z,4.440081815785128,0.8744484579284616,5.077579788182747,5.410918084227763e-7,RFA,5
Z,3.0583710781888733,1.911825553571718,1.599712417524262,0.11029658190518861,SVM,5
Z,24.613606839008135,22.639910640481304,1.0871777380162342,0.2774841755291723,OLS,5
Z,-2.1777388916420968,3.004727942851547,-0.7247707390025397,0.4689337580350815,OLS + controls,5
Z,-2.4900470006402164,3.0419611170292944,-0.8185663474462607,0.4134269658999121,OLS + interaction,5
Z,6.069256542929653,1.5434386533789974,3.9322952873069736,9.606556126587602e-5,RFA,5
Z,5.67646937069404,1.3213481168338184,4.2959681089158055,2.0922035715360947e-5,SVM,5
Z,19.339779734168935,22.459416249957115,0.8610989492750446,0.38959794562077843,OLS,5
Z,4.69767323502563,2.9395268856816568,1.598105211388897,0.11065510006094861,OLS + controls,5
Z,4.667226358729013,2.9905064353225006,1.560680928020037,0.11923684332095649,OLS + interaction,5
Z,4.2386031962587305,0.967750792587226,4.379849883591486,1.4486230260471748e-5,RFA,5
Z,4.690586961551966,1.4276302473583993,3.2855754984395604,0.0010894765216736464,SVM,5
Z,47.09107903876643,22.450584847530475,2.097543532098513,0.03644897096687476,OLS,5
Z,-2.943745069609053,3.30700222137642,-0.8901551533835456,0.37381326247678137,OLS + controls,5
Z,-2.674814746318053,3.1436290429130906,-0.8508684421109038,0.3952530084655783,OLS + interaction,5
Z,4.686242780267781,0.3433644008228731,13.648015836927753,2.9653827524437324e-36,RFA,5
Z,6.148832916861427,0.9566768920544799,6.427282782650581,3.0438722273231363e-10,SVM,5
Z,-37.70665698006477,22.048817857142037,-1.7101441548645593,0.08786207465132957,OLS,5
Z,-1.794336393160738,3.1024678948735565,-0.5783577635487079,0.5632845764486392,OLS + controls,5
Z,-1.8744642002102483,3.081526077735674,-0.6082908769630199,0.5432730139396078,OLS + interaction,5
Z,5.313243704109278,1.0049207560206064,5.287226552220131,1.8621521137151725e-7,RFA,5
Z,5.064939847555243,2.3396044905335915,2.164870117170995,0.030871941393266534,SVM,5
Z,40.0924542178518,22.93736574735911,1.7479101418813903,0.08109585860709997,OLS,5
Z,-2.1533768907500623,3.222455962729456,-0.6682409055874664,0.5042900428667532,OLS + controls,5
Z,-2.2451677733659148,3.157832305248597,-0.7109838510532199,0.47742844017144903,OLS + interaction,5
Z,4.012576871590731,0.5633036564365634,7.123292784879355,3.7113230619431525e-12,RFA,5
Z,6.265144027355015,1.3379090797669413,4.682787584075878,3.65461303848777e-6,SVM,5
Z,24.801849878852853,22.856875255743656,1.0850936359999799,0.27840518393398545,OLS,5
Z,2.4394635531624678,3.109227648377605,0.7845882736940731,0.43306880918821455,OLS + controls,5
Z,3.1090005607297564,3.2629979006867256,0.9528049527936996,0.34115298954668294,OLS + interaction,5
Z,5.006428749031331,0.6268479854398441,7.986671195119883,9.677520987635707e-15,RFA,5
Z,7.078220754631564,1.332005949785211,5.313955809111021,1.6211763792268647e-7,SVM,5
Z,7.048299087820246,23.37339622240337,0.3015522015180858,0.7631193278138759,OLS,5
Z,0.7746466503358861,3.4466939272571593,0.22475063544512097,0.8222656434575679,OLS + controls,5
Z,0.8929654288436649,3.4875680118702794,0.256042441553647,0.7980242197060528,OLS + interaction,5
Z,5.850038709751961,0.710245497554759,8.236643146478983,1.5721631823526005e-15,RFA,5
Z,6.278411981199987,1.818913649021179,3.451737241390552,6.043905853747564e-4,SVM,5
Z,3.196163656279591,22.00021028860347,0.14527877753674315,0.8845495500370182,OLS,5
Z,0.6516405465428389,3.045575689165674,0.21396301161090298,0.8306636519488869,OLS + controls,5
Z,0.5321014889941986,3.054982415546555,0.17417497602813614,0.8617990174677479,OLS + interaction,5
Z,5.031025034810493,0.38324828239582837,13.127325720443347,5.132935551327699e-34,RFA,5
Z,4.285151363173301,1.2278600849044399,3.48993457467656,5.260341032239915e-4,SVM,5
Z,20.504835853754667,23.769853359754,0.8626404018323687,0.3887504303210615,OLS,5
Z,-3.8020130924258533,3.4737703862416005,-1.0944917682194275,0.27426949891857505,OLS + controls,5
Z,-3.6726405693915267,3.5214498648517565,-1.0429342203757699,0.2974868103855334,OLS + interaction,5
Z,5.732649788447787,0.8102557185988283,7.075111791079036,5.093260390781314e-12,RFA,5
Z,5.025060119125173,1.848826702256955,2.717972491954401,0.006797291020260641,SVM,5
Z,17.814506738369182,24.942075195302234,0.7142351467902114,0.47541641716249683,OLS,5
Z,-1.5911995334969238,4.7974497115998105,-0.3316761256818479,0.7402736460786934,OLS + controls,5
Z,-1.0095220110436791,3.9119204255921423,-0.25806302307155676,0.7964653089426984,OLS + interaction,5
Z,1.394208705231479,3.48349154263335,0.4002331247738656,0.6891564449586187,RFA,5
Z,0.7117701489115722,5.219848851889835,0.1363583829930013,0.8915930761481308,SVM,5
Z,-0.04445375148885297,24.01080029212326,-0.0018514064899134586,0.998523533575109,OLS,5
Z,2.796994130811231,4.905241862530146,0.5702051416010155,0.5687962415700012,OLS + controls,5
Z,2.711733312550548,4.546998185933626,0.5963787979813661,0.5511942785475721,OLS + interaction,5
Z,6.087616414987165,2.1781466437346255,2.7948606823594795,0.005392559451493882,RFA,5
Z,5.247577768586297,2.3699189003162524,2.21424360465923,0.027264151029598546,SVM,5
Z,14.04470927939167,23.015908289461834,0.610217467968546,0.5419961133039535,OLS,5
Z,2.5488189283951885,3.405116444083212,0.7485262164305891,0.45449689369695623,OLS + controls,5
Z,2.525425972404609,3.3889281933390807,0.7451990211443015,0.4565043782321311,OLS + interaction,5
Z,6.017338621975129,0.8142197226576522,7.390313025499121,6.231482876199457e-13,RFA,5
Z,6.944966928158421,1.7227856439211278,4.031242628857415,6.417126625206794e-5,SVM,5
Z,29.00777162413678,22.289075218777253,1.3014345072378515,0.19371150884884072,OLS,5
Z,-1.7279361595174751,3.328618923408526,-0.5191150441901766,0.6039115958760974,OLS + controls,5
Z,-0.9283524991073765,3.0278174663268542,-0.30660781550797767,0.7592705721133693,OLS + interaction,5
Z,3.1498897128591565,1.176606242517197,2.6770975701440904,0.007671334841887809,RFA,5
Z,4.08091361948108,1.265540556816386,3.2246407256572565,0.0013441239488404906,SVM,5
Z,11.388268547165271,24.34891679169015,0.46771150620761426,0.6401955144782705,OLS,5
Z,-7.28097413995356,4.830460225468655,-1.5073044389361792,0.13236798808066577,OLS + controls,5
Z,-7.265746709651459,4.865123346181304,-1.49343525182243,0.13595912341239316,OLS + interaction,5
Z,1.4928613683186758,4.214579923156445,0.3542135623330688,0.723328768530859,RFA,5
Z,4.615362927908956,1.3114534538692373,3.5192731501770447,4.72412393028946e-4,SVM,5
Z,19.01775927588169,20.56962223533649,0.9245555926258647,0.35564489373125163,OLS,5
Z,0.24554481519372523,2.7965372968600097,0.08780316124137744,0.9300684910859947,OLS + controls,5
Z,0.24327718812618426,2.8000189039023113,0.08688412345614359,0.9307986829515571,OLS + interaction,5
Z,4.754024865297684,0.37366789781476295,12.72259376066172,2.6394543386607587e-32,RFA,5
Z,4.836065124576814,1.151480138277743,4.1998684682569225,3.164512347084251e-5,SVM,5
Z,-9.05984133167319,22.857643322443746,-0.39635937983061453,0.6920097022908402,OLS,5
Z,-1.5153269108333052,3.4609537506826658,-0.4378350651274696,0.6616960653667349,OLS + controls,5
Z,-1.6036354811141103,3.467718992057282,-0.46244677979593923,0.6439637545226806,OLS + interaction,5
Z,5.335137017062517,0.7045361391770264,7.572552663223959,1.7911757896307567e-13,RFA,5
Z,4.720321571271145,1.2754751284339358,3.7008338822466014,2.3885751031480607e-4,SVM,5
Z,-7.982495721341037,21.48102788994012,-0.37160678540338177,0.7103436895097524,OLS,5
Z,2.847217083968929,2.9994255764269515,0.9492541193039568,0.34295273061860676,OLS + controls,5
Z,3.112650608543211,2.9716623081228497,1.047444253687567,0.2954048715988483,OLS + interaction,5
Z,4.899619799234257,0.8608951344752753,5.691308503236724,2.1547701734859196e-8,RFA,5
Z,5.146860502545771,1.5648686618838061,3.289004775870407,0.0010765700084189164,SVM,5
Z,-51.32177708827502,22.13978423844852,-2.3180793694975717,0.020849248427724443,OLS,5
Z,-1.9393952705312005,3.3634481787964745,-0.5766092317869944,0.5644645109410673,OLS + controls,5
Z,-2.3704179966382326,3.5166912484257815,-0.6740477992486065,0.500594928864085,OLS + interaction,5
Z,5.806961840424793,1.2206201525795761,4.757386504026459,2.572814086636427e-6,RFA,5
Z,5.388136437510729,1.6527501043317483,3.260103522842795,0.0011899305033926087,SVM,5
Z,41.965259731691354,21.536872761883078,1.9485307916181476,0.051912737210061025,OLS,5
Z,0.7013896459132829,3.2816988550441377,0.21372760783190434,0.830847130544489,OLS + controls,5
Z,0.7510751420851308,3.22419782127467,0.2329494602127723,0.815896748585494,OLS + interaction,5
Z,6.119277595998134,0.9397563614449758,6.511557513257044,1.8198100814858978e-10,RFA,5
Z,5.762521451459512,1.3438214310993413,4.288160106767579,2.1643738660760446e-5,SVM,5
Z,-9.295980834956428,24.614386597623213,-0.3776645336290467,0.7058407224416682,OLS,5
Z,-6.025056566504231,3.5625227537310162,-1.69123314656565,0.09141918954786889,OLS + controls,5
Z,-6.451252144729633,3.6162697644404624,-1.7839521288389892,0.07504267727986094,OLS + interaction,5
Z,5.0634638309015525,0.5254347880879655,9.636712196631057,2.881960998252257e-20,RFA,5
Z,5.2839080643242164,1.5271363298687457,3.460010714811793,5.865469921238563e-4,SVM,5
Z,50.797920902602705,21.737610756808365,2.336867720694302,0.019841561764720836,OLS,5
Z,5.262185249472002,3.067962816782055,1.7152050281337625,0.08693094487411084,OLS + controls,5
Z,5.364127296081131,3.135296767814663,1.710883432517933,0.08772788357130887,OLS + interaction,5
Z,5.094589236768285,0.4961524970319244,10.26819227403884,1.448414700040944e-22,RFA,5
Z,4.352482668472444,1.3733410394485457,3.169265712921642,0.0016222427492285784,SVM,5
Z,-36.39305609479254,24.343176846574,-1.4950002756075944,0.13554774964341124,OLS,5
Z,-0.7139867936837414,3.5009114030042023,-0.2039431198033332,0.8384814291153588,OLS + controls,5
Z,-0.605680525563984,3.6179134530281702,-0.16741155735968014,0.8671144644065285,OLS + interaction,5
Z,6.486384560936118,0.8504905729200283,7.626638986327757,1.23170869105771e-13,RFA,5
Z,5.871663798618442,1.2165029022326384,4.826674714743568,1.849340666733338e-6,SVM,5
Z,7.44732686473672,25.334200575512263,0.2939633655515942,0.7689083752226542,OLS,5
Z,-8.480292718128338,3.403452024802703,-2.4916739405544983,0.013039198242805725,OLS + controls,5
Z,-7.076179134181892,3.3068454393835323,-2.139857838502741,0.03285353083579864,OLS + interaction,5
Z,4.812587555386559,0.48480310270882665,9.926890996564032,2.600821526126272e-21,RFA,5
Z,5.38190917451535,1.3133343993733615,4.097897060400801,4.866775457204289e-5,SVM,5
Z,6.74095520965458,20.731293161085535,0.32515845284113526,0.7451977092969654,OLS,5
Z,4.681775482089075,2.8814721245003874,1.6247859704354555,0.10484212993880455,OLS + controls,5
Z,4.055285519113437,2.6869465839992985,1.5092542379750173,0.13187054810973006,OLS + interaction,5
Z,5.416941606392839,0.27840258784807503,19.45722433208443,3.8802078235535166e-63,RFA,5
Z,5.136515745030266,1.1568184173153646,4.440209170381821,1.1078229670219303e-5,SVM,5
Z,19.19000552923799,22.18075496156697,0.8651646692138699,0.38736498138272524,OLS,5
Z,-2.5785558701334645,2.732059080594071,-0.9438140955475868,0.34572323192958887,OLS + controls,5
Z,-2.6457461634063484,2.7315580415643286,-0.9685850064863213,0.3332243422101727,OLS + interaction,5
Z,4.640339114045998,0.8387234804961898,5.5326209674024724,5.1053676428961616e-8,RFA,5
Z,3.3363377688994804,1.6839230368212443,1.981288750106723,0.048108454471750335,SVM,5
Z,-11.771705886266385,23.326212532803513,-0.5046556902331188,0.6140239111179859,OLS,5
Z,-1.3218859911235934,3.4642863464136044,-0.3815752680179204,0.7029395105036065,OLS + controls,5
Z,-1.5101199242303907,3.3768757996771037,-0.4471943932242898,0.6549299248234064,OLS + interaction,5
Z,5.334656255015897,0.44646545079259375,11.948642936526168,4.143958977489465e-29,RFA,5
Z,6.415422812822869,1.2416333180708814,5.166922246247769,3.4495596779504923e-7,SVM,5
Z,24.956204094652907,22.12964127649294,1.1277274576141667,0.2599780703046106,OLS,5
Z,1.577970548091032,3.089630122583569,0.5107312155448311,0.6097660568386587,OLS + controls,5
Z,1.249172982768836,3.1610531509094324,0.3951762033515476,0.692882745653582,OLS + interaction,5
Z,5.690844898239122,0.35709720018872076,15.936403016410075,1.6728639036234162e-46,RFA,5
Z,5.310494413612648,1.023318168060314,5.189485127268501,3.0756683092070415e-7,SVM,5
Z,-22.460046430417144,24.15370953775997,-0.9298797932178869,0.3528838440776684,OLS,5
Z,-1.7150699967007315,3.110997332900495,-0.5512926605763785,0.5816808223824708,OLS + controls,5
Z,-1.7027554433531882,3.02516916718143,-0.5628628844381806,0.5737825788116095,OLS + interaction,5
Z,4.649930831939004,0.43333071772141474,10.73067438281265,2.6244430534355873e-24,RFA,5
Z,4.380150224782237,1.186199058636069,3.6925929024245554,2.4651975276474626e-4,SVM,5
Z,10.547238455856329,23.140713472187425,0.4557870900796962,0.648741764869214,OLS,5
Z,1.7244727024515198,3.704901784236077,0.4654570627995995,0.6418080668517785,OLS + controls,5
Z,1.8343430028704915,3.664668139732964,0.500548189611558,0.6169111589098417,OLS + interaction,5
Z,4.198402409001382,0.6090491994683477,6.893371525102173,1.655543627346451e-11,RFA,5
Z,4.601438747508175,1.5053225840721212,3.056779188857049,0.002357468658512897,SVM,5
Z,23.55172878531895,22.88805122637344,1.0289966826961994,0.30398074002695846,OLS,5
Z,-6.713626141570631,3.8714228723320296,-1.7341495266639635,0.0835116235171428,OLS + controls,5
Z,-6.5467733289321,3.6016309457749616,-1.8177246440566202,0.06970938900904465,OLS + interaction,5
Z,4.706378278197103,0.6006559044891718,7.835398342083468,2.848391017239203e-14,RFA,5
Z,5.688434166490686,1.5692252197231742,3.6249953766956273,3.186890350697627e-4,SVM,5
Z,14.61244504570665,23.498891523648375,0.6218355036449805,0.5343346046070921,OLS,5
Z,-1.1539416937083562,2.891278683399139,-0.3991111961409828,0.6899827063707424,OLS + controls,5
Z,-0.879366641608857,2.939348643980576,-0.2991705810093987,0.764935206919616,OLS + interaction,5
Z,6.622414537661033,0.9332257240298947,7.096262315899141,4.433432469192488e-12,RFA,5
Z,6.186182915737246,1.5423545377068983,4.01086959223693,6.977799842352076e-5,SVM,5
Z,30.356379806906716,21.837904613324692,1.3900774980207744,0.16512634415917582,OLS,5
Z,-2.258759377581761,3.145398089362044,-0.7181155813698249,0.4730234497595609,OLS + controls,5
Z,-1.765391939185724,3.029498416937163,-0.5827340688860777,0.5603371552586023,OLS + interaction,5
Z,4.99432992304288,0.503446384586956,9.920281634638002,2.748706914724143e-21,RFA,5
Z,2.9137042643627438,0.976583898192798,2.983567791517609,0.0029889305778523887,SVM,5
Z,-26.916671406310975,24.9760139100906,-1.0777008494312348,0.2816890272473683,OLS,5
Z,-1.267602632004189,3.6965990609293367,-0.34291049992462797,0.7318107803838158,OLS + controls,5
Z,-1.237991210398412,3.6837830543232,-0.33606517868785324,0.7369638342152462,OLS + interaction,5
Z,4.789503585853332,0.3668851662957886,13.05450322292932,1.0475082023672215e-33,RFA,5
Z,4.9372322491364224,1.1961252521336632,4.127688333917645,4.2956373122506545e-5,SVM,5
Z,32.546020431708946,21.751111333525916,1.496292301237242,0.13521096019071324,OLS,5
Z,3.162323929512999,2.6761495151517694,1.1816693766953665,0.23790200898559274,OLS + controls,5
Z,3.2776548904523795,2.692705075075518,1.2172350105443526,0.2240936298619415,OLS + interaction,5
Z,5.7400684406737765,0.30654872244267795,18.72481605839059,1.2719965536187786e-59,RFA,5
Z,5.544976131711745,1.0261742161043157,5.403542638950958,1.0145500733144921e-7,SVM,5
Z,13.782819914730624,22.57593699132805,0.610509318839122,0.541802981361589,OLS,5
Z,3.8432895776830347,3.2098216859675097,1.1973529852093898,0.23173976295704934,OLS + controls,5
Z,4.309465966334759,3.305587759073256,1.3036912889412888,0.19294361472917793,OLS + interaction,5
Z,4.615895592438779,1.0532059643776663,4.382709316658956,1.4304325002337589e-5,RFA,5
Z,5.371527748579619,1.449475260902156,3.705842999511679,2.3431027815880572e-4,SVM,5
Z,56.06095212174123,22.985838049221265,2.438934443098998,0.0150788815210911,OLS,5
Z,1.4401322259528313,3.5808893131962947,0.4021716674250878,0.687730593244387,OLS + controls,5
Z,1.2775926161402247,3.6197134515392864,0.3529540758528627,0.7242728150369439,OLS + interaction,5
Z,5.193445434880659,0.47588585975247855,10.91321653806212,5.231744433809117e-25,RFA,5
Z,4.623194284342286,1.314676638157996,3.5166018396887933,4.77074449988678e-4,SVM,5
Z,3.111379752087871,24.272820454102266,0.12818369245433228,0.898055351870166,OLS,5
Z,2.929774885102753,3.507277225794625,0.8353416900025545,0.40392673291632897,OLS + controls,5
Z,2.7645841476485504,3.3462224111884304,0.8261806323467579,0.40909886058725464,OLS + interaction,5
Z,5.758924633334884,1.256184551799993,4.584457454983738,5.7632517817137056e-6,RFA,5
Z,4.7156402667122475,1.1955255518416479,3.9444077623000506,9.147747868964259e-5,SVM,5
Z,-21.29667486749031,21.714677134817446,-0.9807502425786977,0.3271921288242309,OLS,5
Z,6.78588717798733,2.935485152594714,2.311674842568764,0.021203649441317658,OLS + controls,5
Z,6.1184499890266535,2.9340892790087283,2.0852978240300004,0.03755295011411435,OLS + interaction,5
Z,4.601122454885492,0.5350452228135364,8.599501983571557,1.0455041582896315e-16,RFA,5
Z,4.664609521938995,1.2408226797432893,3.759287767776814,1.9060720945284526e-4,SVM,5
Z,33.78423782800663,28.20254958045457,1.1979143137973731,0.2315201924686605,OLS,5
Z,-5.818270487034589,4.957796596052957,-1.1735597405643223,0.24113350132556194,OLS + controls,5
Z,-5.826421644494635,4.917908317906691,-1.1847357184923393,0.23668931527285403,OLS + interaction,5
Z,3.2456608686759827,2.193831825542215,1.4794483473562536,0.13965280118540233,RFA,5
Z,3.0761049126828555,3.1029877215879393,0.9913364759009338,0.3220027245773571,SVM,5
Z,35.27800649883436,23.64858767755,1.4917595494433842,0.1363953619800173,OLS,5
Z,0.3139217540491058,3.475347148876553,0.09032817171964667,0.9280628248702962,OLS + controls,5
Z,0.5993135085106341,3.465226792355281,0.17295073148828063,0.8627607071707044,OLS + interaction,5
Z,4.944926047004684,0.4811339325671874,10.277649760888888,1.3358384760399272e-22,RFA,5
Z,5.016859187513416,1.7007824186983556,2.9497360346380597,0.00333010190910468,SVM,5
Z,7.039413547125309,22.85306587761627,0.308029285209393,0.758188840721554,OLS,5
Z,-3.1172051035798614,3.0627129072135393,-1.0177921333200959,0.30927194520483675,OLS + controls,5
Z,-3.1110814398231668,2.9413966917243894,-1.0576884949167804,0.2907123269846422,OLS + interaction,5
Z,4.63120672464859,0.4453230105093504,10.399657361858575,4.6839707327277076e-23,RFA,5
Z,3.7647884190196472,1.4912158612262956,2.524643491870914,0.011891117005696308,SVM,5
Z,27.6972835935238,21.49300579629607,1.288664966456061,0.19811291870115963,OLS,5
Z,0.9141333495931784,2.521430704556218,0.3625454976578742,0.7170985486861747,OLS + controls,5
Z,0.25462796227653695,2.5135068254982635,0.1013038674466543,0.919350183556529,OLS + interaction,5
Z,4.249841354507294,0.375216153481615,11.3263816471471,1.2812619550527135e-26,RFA,5
Z,4.351584983578081,1.157397722159573,3.7598008880288067,1.9022753175959332e-4,SVM,5
Z,30.05833269094628,23.45203315297189,1.2816941070688035,0.2005463788558472,OLS,5
Z,-1.3340135640318944,3.1949526395379073,-0.4175378212256804,0.6764653801077127,OLS + controls,5
Z,-0.3371255175522199,3.110206232926397,-0.10839330009155633,0.91372754964209435,OLS + interaction,5
Z,5.697753810233536,0.3136863671993195,18.163855385570916,6.051428087794895e-57,RFA,5
Z,6.119288178764492,1.1915308087677747,5.135652501585564,4.0412425019696465e-7,SVM,5
Z,31.170598719145264,22.889434780000588,1.3617897959795957,0.17387993943876387,OLS,5
Z,-1.4977562104835849,3.5282104738347377,-0.4245087478740193,0.6713785273176758,OLS + controls,5
Z,-0.4064374037499991,3.395326369824053,-0.11970495895835216,0.9047653412705079,OLS + interaction,5
Z,5.820322867836824,0.7138129016788969,8.15384935484824,2.883360278554561e-15,RFA,5
Z,5.391158526003531,1.2443101236082734,4.332648608829245,1.7828355654591897e-5,SVM,5
Z,-18.922850682181668,21.49768267473917,-0.8802274630473053,0.37916067048638735,OLS,5
Z,2.8182079326545857,3.098719159744221,0.9094751048324141,0.3635402232187267,OLS + controls,5
Z,2.747915341086213,3.0858877621821876,0.890478057809537,0.373640965000671,OLS + interaction,5
Z,4.7911686771457,0.4461108826326358,10.739860567560152,2.4208157546275632e-24,RFA,5
Z,4.773537063231977,1.1884595429537168,4.016575146822543,6.816263072796861e-5,SVM,5
Z,10.562121007387997,23.32733267273222,0.4527787705336011,0.6509052398105534,OLS,5
Z,-1.9526916980676685,2.923786185135487,-0.667864055174466,0.504530383744147,OLS + controls,5
Z,-2.456935658991661,2.9759488535999425,-0.8255974077039522,0.4094294171785361,OLS + interaction,5
Z,5.535414171854565,0.6532320785890195,8.473886009718097,2.6977226649347223e-16,RFA,5
Z,4.437840854738664,1.4316377361329327,3.0998350649277624,0.00204587604158953,SVM,5
Z,-3.986696519728536,22.559029078118517,-0.17672287694311697,0.8597979170607837,OLS,5
Z,-1.3484867547712436,3.0261954885312936,-0.4456046411680119,0.6560768958568782,OLS + controls,5
Z,-1.3362360122182217,3.0036312445721483,-0.4448735225513882,0.6566052262893136,OLS + interaction,5
Z,4.045672679522359,1.3761409337725974,2.939867988979458,0.0034361138550319083,RFA,5
Z,3.7689573125894222,1.3294341340133051,2.835008682387045,0.0047687432662620885,SVM,5
Z,8.657546242038713,20.719105711109044,0.4178532781652232,0.6762344989321272,OLS,5
Z,-0.12027382555923044,2.9666327903012784,-0.040542201903935655,0.9676771433020124,OLS + controls,5
Z,-0.16795601390119025,3.034851898178099,-0.05534240863681639,0.955887961550504,OLS + interaction,5
Z,5.5663763116358105,0.40809758479254393,13.639816845437773,3.218338378748761e-36,RFA,5
Z,4.498356910937571,1.2060980896659026,3.7296775025849236,2.1376785885276328e-4,SVM,5
Z,-11.504026059028355,25.24424884356492,-0.45570878857664554,0.6487980389189678,OLS,5
Z,-0.1923570176263385,3.8860256143769245,-0.04949967826117393,0.9605409795829405,OLS + controls,5
Z,-0.18543595642644206,3.795956598283151,-0.048850915869352064,0.9610577698696161,OLS + interaction,5
Z,5.192054252746729,0.6861497548057823,7.566940331001594,1.8619297301152308e-13,RFA,5
Z,3.7488906287476915,1.2438661234140775,3.013902025451096,0.0027105484210323254,SVM,5
Z,-11.742457981509,23.42343312590007,-0.5013124215563847,0.6163727872255818,OLS,5
Z,0.6638143241193722,2.9091812486971276,0.22817908798795555,0.8196008655088554,OLS + controls,5
Z,0.6848550560658313,2.916441050316808,0.23482561253601772,0.8144409971810618,OLS + interaction,5
Z,4.1685375008062255,0.4092824389194948,10.18498988574042,2.9453986118530167e-22,RFA,5
Z,4.5788521839604766,1.337588217131666,3.4232151011163965,6.698644485424041e-4,SVM,5
Z,17.80007469670518,24.072481572492592,0.7394366319526096,0.45999030277235875,OLS,5
Z,-2.171955581899434,3.5536063489587684,-0.6111975746936158,0.5413482262908207,OLS + controls,5
Z,-2.9815209516697285,3.7390240983640877,-0.7974061876130232,0.4255967285691422,OLS + interaction,5
Z,5.850754103522381,0.4169221601460424,14.03320490681747,6.185906614438696e-38,RFA,5
Z,5.662895390763209,1.0309897141644258,5.492678843408976,6.323245562762025e-8,SVM,5
Z,-15.130932057216635,26.955300741095037,-0.5613341955465029,0.5748222359471002,OLS,5
Z,-6.42413037042976,4.139373363771211,-1.551957218127577,0.12130898348827551,OLS + controls,5
Z,-6.6137646442404945,4.236483854967273,-1.561144777286443,0.11912738191447185,OLS + interaction,5
Z,3.681857242432083,0.685412743635034,5.371737360623958,1.1991247631247374e-7,RFA,5
Z,3.9017916092748712,1.4622001757111647,2.6684387501028524,0.007868979181415065,SVM,5
Z,2.1595887292421283,26.455720189795045,0.08163031335942092,0.9349734918256877,OLS,5
Z,-1.2600406828892077,5.057213362588497,-0.24915711332461268,0.8033421860583496,OLS + controls,5
Z,-1.2070772335408697,5.1167438164316525,-0.235907302934441,0.8136019794242404,OLS + interaction,5
Z,4.713005942659065,0.5224649392050177,9.020712375131568,4.0517022192553224e-18,RFA,5
Z,5.970209393111167,1.3852600089348444,4.3098114105681775,1.969861518845893e-5,SVM,5
Z,6.003041385089976,27.293935043081447,0.21994048771694596,0.826007630563219,OLS,5
Z,-1.8237995168565704,4.433433798614233,-0.4113740273795537,0.6809756274331729,OLS + controls,5
Z,-1.4343240072643577,4.121158472398004,-0.348039032439769,0.7279585287332948,OLS + interaction,5
Z,2.7433560772625794,1.8961400796085137,1.44681086949493,0.14857902764092537,RFA,5
Z,3.1397441705636076,1.844812563226168,1.7019312601996224,0.0893923651089195,SVM,5
Z,7.650932440793195,22.399140849056725,0.3415725849643645,0.732816651874324,OLS,5
Z,0.3803728464700154,3.2329420607764896,0.11765532425862815,0.9063882992663959,OLS + controls,5
Z,0.35924768702781457,3.2476665416269115,0.11061717156708158,0.9119646741422458,OLS + interaction,5
Z,5.160167322566797,0.5382522032317014,9.586894938069578,4.3346447643959077e-20,RFA,5
Z,6.378183586228681,1.4196397003682961,4.492818554295145,8.746778365204959e-6,SVM,5
Z,14.920121287073256,23.528871015041595,0.6341197279518888,0.526293849432935,OLS,5
Z,0.9963976016114564,3.1531546609523002,0.3160002311179146,0.7521349942871317,OLS + controls,5
Z,1.0184670075399784,3.134199166343723,0.3249528678575,0.7453537577467366,OLS + interaction,5
Z,3.941141920351977,0.6963664850804356,5.659580127404817,2.564506260043607e-8,RFA,5
Z,4.8596306960753965,1.502030314702623,3.2353745783336754,0.0012956048618867448,SVM,5
Z,41.823571869447335,22.410515629607847,1.866247638416305,0.062594285203953,OLS,5
Z,-2.2321973004907827,3.01271270965692,-0.7409260409516378,0.45908819896561825,OLS + controls,5
Z,-1.7479682298516677,3.0310871583185235,-0.5766802927637825,0.5644170609249716,OLS + interaction,5
Z,5.570881973354464,0.33164045912601364,16.79795640144646,1.6874253762959956e-50,RFA,5
Z,5.177934594541334,1.1865383993592458,4.363899724895141,1.5542206196449243e-5,SVM,5
Z,15.276383218768276,21.86022865619368,0.6988208339001066,0.4849902282560199,OLS,5
Z,0.4916572246246866,2.6718439311323463,0.1840142004163839,0.8540773685484898,OLS + controls,5
Z,0.35616877901366073,2.7199947019941066,0.13094465910266043,0.8958721787189359,OLS + interaction,5
Z,5.1906685968772575,0.5001245640733771,10.378751554614091,5.60842633770198e-23,RFA,5
Z,5.278303682961895,1.0813699855067438,4.881126491122661,1.422687628481588e-6,SVM,5
Z,-20.717753905950037,24.35022437564534,-0.8508239425781868,0.3952760590572987,OLS,5
Z,2.326039764349976,3.526567757467768,0.6595760876632569,0.5098314140748967,OLS + controls,5
Z,2.33411893333542,3.5414163066087925,0.6590919370252004,0.5101425960324687,OLS + interaction,5
Z,4.5461311977887,1.1849778765654675,3.8364692604769792,1.4085588762338105e-4,RFA,5
Z,4.0772093650353325,1.3469439464084534,3.0270074533591176,0.002597798286925338,SVM,5
Z,-44.15725772966233,22.685866034736748,-1.946465595011821,0.0521608056271803,OLS,5
Z,5.8682026407299395,2.702262217587017,2.171588901527827,0.030358957854144296,OLS + controls,5
Z,5.489055440332709,2.7479109650842366,1.9975375876723298,0.04631252765426884,OLS + interaction,5
Z,5.252769723255231,0.39341219577180775,13.35182228641944,5.626578866055374e-35,RFA,5
Z,6.946743452689646,1.0469008895961118,6.635531139313158,8.455967373864009e-11,SVM,5
Z,4.112620039414465,24.209482071424155,0.1698764156656134,0.8651763151422405,OLS,5
Z,0.3775356229809145,3.08623818893917,0.12232873805203107,0.902688120564431,OLS + controls,5
Z,0.3308751478498033,3.063785791828466,0.10799552264139758,0.9140429152231919,OLS + interaction,5
Z,5.381935656162893,0.8157133625227918,6.597827010603271,1.0688757610485227e-10,RFA,5
Z,4.379670470013052,1.3385766364821527,3.2718862339649437,0.001142441098272082,SVM,5
Z,6.063506303212167,24.99374525178235,0.2426009484424815,0.8084144279946459,OLS,5
Z,-0.16583055643877265,3.9549933674934956,-0.04192941454763271,0.9665718065010382,OLS + controls,5
Z,0.3020014297673056,3.9617104804863406,0.07623006053946471,0.9392668049451223,OLS + interaction,5
Z,4.493797475211468,1.2411639075354242,3.620631769848021,3.2397132653976327e-4,RFA,5
Z,2.949455139931433,1.9481543914996005,1.5139740221826448,0.13066680956698343,SVM,5
Z,19.898710102976956,23.22947350826565,0.8566147698481621,0.3920698212230722,OLS,5
Z,-0.09948148328762825,3.282845507384807,-0.030303431295759502,0.9758372248569813,OLS + controls,5
Z,-0.3166535342943576,3.3985695893651315,-0.09317259098805446,0.9258040711410573,OLS + interaction,5
Z,5.144459274561087,0.46244494902846095,11.124479325309863,7.930124693289049e-26,RFA,5
Z,4.174297284944227,1.2119248617065952,3.444353207727837,6.207425812206197e-4,SVM,5
Z,39.712089768773744,23.191951123689858,1.7123220705742639,0.08745984318373214,OLS,5
Z,1.7271083174649318,3.1067247825002933,0.5559257540910831,0.5785117870966345,OLS + controls,5
Z,2.0082882991984694,3.245611575107977,0.6187703773923275,0.5363517048209219,OLS + interaction,5
Z,5.10762751491804,0.583795336022821,8.749003631502768,3.339934413521275e-17,RFA,5
Z,4.852975480673008,1.1790466405162179,4.116016545832527,4.5113560551795865e-5,SVM,5
Z,-14.599070382441932,24.466976286606567,-0.5966846990583625,0.5509890577338536,OLS,5
Z,-2.8804848732703174,3.2282150806875896,-0.8922840644982032,0.3726724980327446,OLS + controls,5
Z,-3.185186663971164,3.2458642589160447,-0.9813061822353767,0.3269201781516756,OLS + interaction,5
Z,4.587012040816159,0.48810897917273083,9.397516203431525,2.0192459398909524e-19,RFA,5
Z,3.73446129156717,1.6674645160888322,2.239604654572584,0.025557145446080638,SVM,5
Z,7.51129197132965,21.43200688826822,0.3504707706790304,0.726133614147873,OLS,5
Z,-2.971052831048735,2.4843263356040226,-1.1959189050444827,0.23229845964116416,OLS + controls,5
Z,-2.9495893211652167,2.4213891632908884,-1.2181393085762622,0.2237501611321701,OLS + interaction,5
Z,4.548015145634394,0.5308081822075369,8.568095402599122,1.326355944244567e-16,RFA,5
Z,3.3869044428097217,1.4167666269581152,2.390587396938911,0.017191980886922854,SVM,5
Z,0.20403948921985246,21.950709696582493,0.009295348170524955,0.9925872144337018,OLS,5
Z,-1.8163667886462,3.0648077109450274,-0.5926527730139803,0.5536831023099533,OLS + controls,5
Z,-1.8736516762689872,3.2045268569410266,-0.5846890227212935,0.5590226943280767,OLS + interaction,5
Z,5.612566462694394,0.5764163791966878,9.73700030959607,1.2617777892282366e-20,RFA,5
Z,4.519925215294022,1.4554027241019327,3.1056182185470873,0.0020070408490613406,SVM,5
Z,-13.730557533969327,21.73580220195913,-0.631702359378838,0.5278712469813623,OLS,5
Z,2.793248379163506,2.6607019117624717,1.0498163536527978,0.29431276264496636,OLS + controls,5
Z,2.2263113373850176,2.6921169686854913,0.8269742226215685,0.4086493301394185,OLS + interaction,5
Z,5.794130596738899,0.33698625938653914,17.193966921045163,2.3493885223673176e-52,RFA,5
Z,4.875110152294099,1.1603755909835485,4.201320839713542,3.144969177873643e-5,SVM,5
Z,3.3318716668034023,21.825520858663744,0.15265943426412204,0.8787286836881036,OLS,5
Z,-2.745761605187002,3.1514358104060882,-0.8712732133462646,0.38402565682160683,OLS + controls,5
Z,-2.492750558732637,2.9033876342905995,-0.8585662242588232,0.3909945884837456,OLS + interaction,5
Z,4.915401721032229,0.48285078936640446,10.17995999857887,3.074169903525326e-22,RFA,5
Z,4.021282203842344,1.2979124562027726,3.098269212707286,0.002056509420280663,SVM,5
